BEGIN;

-- USERS
INSERT INTO users (id, name, surname, email, password_hash, birth_date, gender)
VALUES ('11111111-1111-1111-1111-111111111111', 'John', 'Doe', 'john@example.com', 'hashed_pw', '1998-05-10', 'male'),
       ('22222222-2222-2222-2222-222222222222', 'Jane', 'Smith', 'jane@example.com', 'hashed_pw', '1995-03-21',
        'female'),
       ('33333333-3333-3333-3333-333333333333', 'Mark', 'Taylor', 'mark@example.com', 'hashed_pw', '1992-11-01',
        'male');


-- USER BODY METRICS
INSERT INTO user_body_metrics (id, user_id, height, weight)
VALUES ('a1111111-1111-1111-1111-111111111111', '11111111-1111-1111-1111-111111111111', 180, 80),
       ('a2222222-2222-2222-2222-222222222222', '22222222-2222-2222-2222-222222222222', 165, 60),
       ('a3333333-3333-3333-3333-333333333333', '33333333-3333-3333-3333-333333333333', 175, 85);


-- TRAINING PROFILES
INSERT INTO training_profiles (id, user_id, experience, split, days_per_week)
VALUES ('b1111111-1111-1111-1111-111111111111', '11111111-1111-1111-1111-111111111111', 'beginner', 'full_body', 3),
       ('b2222222-2222-2222-2222-222222222222', '22222222-2222-2222-2222-222222222222', 'intermediate', 'upper_lower',
        4),
       ('b3333333-3333-3333-3333-333333333333', '33333333-3333-3333-3333-333333333333', 'advanced', 'push_pull_legs',
        5);


-- PLANS
INSERT INTO plans (id, user_id, weeks_per_plan, days_per_week)
VALUES ('c1111111-1111-1111-1111-111111111111', '11111111-1111-1111-1111-111111111111', 4, 3),
       ('c2222222-2222-2222-2222-222222222222', '22222222-2222-2222-2222-222222222222', 6, 4);


-- WEEKS
INSERT INTO weeks (id, plan_id, week_number)
VALUES ('d1111111-1111-1111-1111-111111111111',
        'c1111111-1111-1111-1111-111111111111', 1),
       ('d2222222-2222-2222-2222-222222222222',
        'c1111111-1111-1111-1111-111111111111', 2),
       ('d3333333-3333-3333-3333-333333333333',
        'c2222222-2222-2222-2222-222222222222', 1);


-- DAYS
INSERT INTO days (id, week_id, day_number)
VALUES ('e1111111-1111-1111-1111-111111111111',
        'd1111111-1111-1111-1111-111111111111', 1),
       ('e2222222-2222-2222-2222-222222222222',
        'd1111111-1111-1111-1111-111111111111', 2),
       ('e3333333-3333-3333-3333-333333333333',
        'd3333333-3333-3333-3333-333333333333', 1);


-- EXERCISES
INSERT INTO exercises (id, name, muscle_group)
VALUES ('f1111111-1111-1111-1111-111111111111', 'Bench Press', 'chest'),
       ('f2222222-2222-2222-2222-222222222222', 'Squat', 'legs'),
       ('f3333333-3333-3333-3333-333333333333', 'Pull Up', 'back'),
       ('f4444444-4444-4444-4444-444444444444', 'Shoulder Press', 'shoulders');


-- WORKOUT EXERCISES
INSERT INTO workout_exercises (id, day_id, exercise_id, sets, reps, rest)
VALUES ('ff111111-1111-1111-1111-111111111111',
        'e1111111-1111-1111-1111-111111111111',
        'f1111111-1111-1111-1111-111111111111', 3, 10, 90),
       ('ff222222-2222-2222-2222-222222222222',
        'e1111111-1111-1111-1111-111111111111',
        'f2222222-2222-2222-2222-222222222222', 3, 8, 120),
       ('ff333333-3333-3333-3333-333333333333',
        'e2222222-2222-2222-2222-222222222222',
        'f3333333-3333-3333-3333-333333333333', 4, 6, 120);

COMMIT;